Somin_333,2024-04-17 01:45:58.206859
Yashit_111,2024-04-21 14:42:36.903525
Yashit_111,2024-04-21 18:27:50.123759
Yashit_111,2024-04-21 18:43:16.685080
Yashit_111,2024-04-21 18:52:29.033418Utkarsh_222,2024-04-21 19:38:01.105448
Utkarsh_222,2024-04-21 19:43:21.065628
Utkarsh_222,2024-04-21 20:25:21.108895
Utkarsh_222,2024-04-21 20:34:44.537570
Utkarsh_222,2024-04-21 20:35:31.220220
Utkarsh_222,2024-04-21 20:37:27.697384
Utkarsh_222,2024-04-21 20:38:46.974574
Utkarsh_222,2024-05-20 16:52:02.609937
